id,jurisdiction,body,meeting_date,title,item_type,confidence,url,agenda_text,source,scraped_at
pmn_1042975_item0,Erda,Erda Planning Commission,2025-12-09,Proposed 7C Subdivision 2nd Amendment Preliminary Plat,residential_subdivision,0.9,https://www.utah.gov/pmn/sitemap/notice/1042975.html,,pmn,2026-04-23T05:27:28.721544Z
pmn_1051103,Erda,Erda Planning Commission,2026-01-13,**CANCELED*** Erda Planning Commission Meeting,nan,nan,https://www.utah.gov/pmn/sitemap/notice/1051103.html,"****CANCELED*****
Notice is hereby given that the Planning Commission's Scheduled Meeting on Tuesday January 13th, 2026 has been canceled.
The Planning Commission will hold their next regularly scheduled meeting on Tuesday January 27th, 2026 at 7:00pm. At the Erda City Office, Erda Fire Station, 2163 W. Erda Way, Erda UT.",pmn,2026-04-23T05:27:28.721541Z
pmn_1053641_item0,Erda,Erda Planning Commission,2026-01-27,CUP 2025-120: Conditional use permit for agricultural landscape business yard at 655 E Bates Canyon Rd,conditional_use,0.9,https://www.utah.gov/pmn/sitemap/notice/1053641.html,"{""addresses"": [""655 E Bates Canyon Rd""], ""applicant"": ""Michael Jensen""}",pmn,2026-04-23T05:27:28.721539Z
pmn_1053641_item1,Erda,Erda Planning Commission,2026-01-27,CUP 2025-121: Conditional use permit for home-based automotive repair business at 2342 W Erda Way,conditional_use,0.9,https://www.utah.gov/pmn/sitemap/notice/1053641.html,"{""parcel_ids"": [""13-001-0-0002""], ""addresses"": [""2342 W Erda Way""], ""applicant"": ""Devore Automotive""}",pmn,2026-04-23T05:27:28.721539Z
pmn_1055517,Erda,Erda City Council,2026-02-06,Meet and Greet with Tooele County Officials,nan,nan,https://www.utah.gov/pmn/sitemap/notice/1055517.html,"There will be a meet and greet on Friday February 6th 2026 at 2pm held at 47 S. Main St, Tooele, UT, 84074 in the Innovation Room in the Tooele County Building.
Meet and Greet with Tooele County City Manager and City Council Members",pmn,2026-04-23T05:27:28.721397Z
pmn_1057383,Erda,Erda Planning Commission,2026-02-10,**CANCELED*** Erda Planning Commission Meeting,nan,nan,https://www.utah.gov/pmn/sitemap/notice/1057383.html,"****CANCELED***** Notice is hereby given that the Planning Commission's Scheduled Meeting on Tuesday February 10th, 2026 has been canceled. The Planning Commission will hold their next regularly scheduled meeting on Tuesday February 24th, 2026 at 7:00pm. At the Erda City Office, Erda Fire Station, 2163 W. Erda Way, Erda UT.",pmn,2026-04-23T05:27:28.721536Z
pmn_1055539,Erda,Erda Planning Commission,2026-02-10,Erda Planning Commission Meeting Dates 2026,nan,nan,https://www.utah.gov/pmn/sitemap/notice/1055539.html,"Erda Planning Commission 2026 Meeting dates

Meetings will be held the 2nd and 4th Tuesdays of the month. All meetings will be held at 7:00 pm at the Erda City Office/Fire Station at 2163 W Erda Way, Erda, UT

January 13
January 27
February 10
February 24
March 10
March 24
April 14
April 28
May 12
May 26  (Cancelled due to Holiday)
June 9
June 23
July 14
July 28 
August 11
August 25
September 08
September 22
October 13
October 27
November 10 
November 24 (Cancelled due to Holiday)
December 08
December 22 (Cancelled due to Holiday)",pmn,2026-04-23T05:27:28.721533Z
pmn_1055537,Erda,Erda City Council,2026-02-12,City Council Meeting Schedule 2026 Dates,nan,nan,https://www.utah.gov/pmn/sitemap/notice/1055537.html,"Erda City Council 2026 Meeting dates

Meetings will be held the 2nd and 4th Thursday of the month
All meetings will be held at 7:00 pm at the Erda City Office/Fire Station  at 2163 W. Erda Way, Erda, UT.

January 08
January 22
February 12
February 26
March 12
March 26
April 09
April 23
May 14
May 28
June 11
June 25
July 09
July 23  
August 13
August 27
September 10
September 24
October 08
October 22
November 12
November 26  (Canceled for Thanksgiving Holiday)
December 10
December 24  (Canceled for Christmas Holiday)",pmn,2026-04-23T05:27:28.721392Z
pmn_1058383_item0,Erda,Erda City Council,2026-02-12,Resolution 26-03 Appointment of Administrative Hearing Officer,resolution,0.9,https://www.utah.gov/pmn/sitemap/notice/1058383.html,,pmn,2026-04-23T05:27:28.721394Z
pmn_1058383_item1,Erda,Erda City Council,2026-02-12,Resolution 26-04 Removal of Persons from PTIF account,resolution,0.9,https://www.utah.gov/pmn/sitemap/notice/1058383.html,,pmn,2026-04-23T05:27:28.721394Z
pmn_1061791_item0,Erda,Erda Planning Commission,2026-02-24,Oquirrh Point Phase 1 Preliminary Plat (2nd amendment) - 851 lot residential subdivision,residential_subdivision,0.9,https://www.utah.gov/pmn/sitemap/notice/1061791.html,"{""addresses"": [""Erda Way, Erda, UT""]}",pmn,2026-04-23T05:27:28.721531Z
pmn_1061793,Erda,Erda City Council,2026-02-26,**CANCELED*** Erda City Council Meeting,nan,nan,https://www.utah.gov/pmn/sitemap/notice/1061793.html,"****CANCELED*****
Notice is hereby given that the Erda City Council's Scheduled Meeting on Thursday February 26th, 2026 has been canceled. The City Council will hold their next regularly scheduled meeting on Thursday March 12th, 2026 at 7:00pm. At the Erda City Office, Erda Fire Station, 2163 W. Erda Way, Erda UT",pmn,2026-04-23T05:27:28.721389Z
pmn_1065005_item0,Erda,Erda Planning Commission,2026-03-10,Conditional Use Permit 2026-25 for Cottage Business at 3944 Spiral Springs Rd,conditional_use,0.9,https://www.utah.gov/pmn/sitemap/notice/1065005.html,"{""addresses"": [""3944 Spiral Springs Rd""], ""applicant"": ""Cindy Toone""}",pmn,2026-04-23T05:27:28.721528Z
pmn_1065007_item0,Erda,Erda City Council,2026-03-12,Resolution 26-01 Appointment of a Proxy to Salt Lake Airport Advisory Board,resolution,0.9,https://www.utah.gov/pmn/sitemap/notice/1065007.html,,pmn,2026-04-23T05:27:28.721386Z
pmn_1068037,Erda,Erda Planning Commission,2026-03-24,**CANCELED*** Erda Planning Commission Meeting,nan,nan,https://www.utah.gov/pmn/sitemap/notice/1068037.html,"****CANCELED*****Notice is hereby given that the Planning Commission's Scheduled Meeting on Tuesday March 24th, 2026 has been canceled. The Planning Commission will hold their next regularly scheduled meeting on Tuesday April 14th, 2026 at 7:00pm. At the Erda City Office, Erda Fire Station, 2163 W. Erda Way, Erda UT.",pmn,2026-04-23T05:27:28.721526Z
pmn_1069171,Erda,Erda City Council,2026-03-27,Erda City Council Emergency Meeting,nan,nan,https://www.utah.gov/pmn/sitemap/notice/1069171.html,"Notice is hereby given that the Erda City Council will hold an emergency meeting on Friday March 27th, 2026 at 6:30 PM hold a closed session pursuant to Utah Code §52-4-205(1) for a strategy session to discuss imminent litigation requiring immediate council direction. The meeting will be held at the Erda City Fire Station/Office, located at 2163 West Erda Way, Erda, Utah


Call to Order
Roll Call
Motion and Vote to Enter Closed Session (reason: imminent litigation requiring immediate council direction)
Conduct Closed Session
Adjournment 


**All handouts for this meeting can be found on the city's website erda.gov under the calendar section**

Board may elect to go into a closed session which will not be open to the public pursuant to Utah Code Ann. §52-4-205(1).
**Format and Verbiage to be used when going into a closed session
'I move that we temporarily recess the Council meeting to go into a closed meeting for a strategy session to discuss pending or reasonably imminent litigation.'
 
The motion needs a second and a roll call vote.
 
The Chair then makes this statement:   'The motion passes and the Council will go into closed meeting for a strategy session to discuss pending or reasonably imminent litigation that will be held in this room.'


Pursuant to the Americans with Disabilities Act, Individuals needing special accommodations should contact Larry Kimpel at 435-354-9216",pmn,2026-04-23T05:27:28.721384Z
pmn_1068537_item0,Erda,Erda City Council,2026-03-27,Resolution 26-05 Supporting America 250 Utah and Recognizing and approving the Erda Utah250 Community Committee,resolution,0.9,https://www.utah.gov/pmn/sitemap/notice/1068537.html,,pmn,2026-04-23T05:27:28.721379Z
pmn_1068537_item1,Erda,Erda City Council,2026-03-27,Ordinance 26-03 An Ordinance directing that City of Erda be removed as a party to the lawsuit,ordinance,0.9,https://www.utah.gov/pmn/sitemap/notice/1068537.html,,pmn,2026-04-23T05:27:28.721379Z
pmn_1068537_item2,Erda,Erda City Council,2026-03-27,Letter of Support for the Utah Nuclear Lifecycle Innovation Campus (NLIC),other,0.9,https://www.utah.gov/pmn/sitemap/notice/1068537.html,,pmn,2026-04-23T05:27:28.721379Z
pmn_1068537_item3,Erda,Erda City Council,2026-03-27,Boys Home in Bronzewood Circle,other,0.9,https://www.utah.gov/pmn/sitemap/notice/1068537.html,,pmn,2026-04-23T05:27:28.721379Z
pmn_1068039,Erda,Erda City Council,2026-03-27,Erda City Council Meeting  **DATE CHANGE**,nan,nan,https://www.utah.gov/pmn/sitemap/notice/1068039.html,"UPDATE
***NOTICE OF DATE CHANGE***
To accommodate the conflict in schedule at the Erda City Fire Station on the regularly scheduled City Council Meeting time, the City Council has chosen to meet on the FRIDAY March 27th, 2026 at 7pm.",pmn,2026-04-23T05:27:28.721381Z
pmn_1070977,Erda,Erda City Council,2026-04-09,**CANCELED*** Erda City Council Meeting,nan,nan,https://www.utah.gov/pmn/sitemap/notice/1070977.html,"****CANCELED*****

Notice is hereby given that the Erda City Council's Scheduled Meeting on Thursday April 9th, 2026 has been canceled. The City Council will hold their next regularly scheduled meeting on Thursday April 23rd 2026 at 7:00pm. At the Erda City Office, Erda Fire Station, 2163 W. Erda Way, Erda UT",pmn,2026-04-23T05:27:28.721376Z
pmn_1072573_item0,Erda,Erda Planning Commission,2026-04-15,Copper Cove Preliminary Plat Phase 1 - 45 lot residential subdivision at northeast corner of development,residential_subdivision,0.9,https://www.utah.gov/pmn/sitemap/notice/1072573.html,"{""applicant"": ""Derald Anderson""}",pmn,2026-04-23T05:27:28.721523Z
pmn_1074875_item0,Erda,Erda City Council,2026-04-24,Resolution 26-06 Approving Interlocal Cooperative Agreement with Tooele County for Dispatch Services,resolution,0.9,https://www.utah.gov/pmn/sitemap/notice/1074875.html,,pmn,2026-04-23T05:27:28.721372Z
pmn_1074883_item0,Erda,Erda Planning Commission,2026-04-28,Copper Cove Preliminary Plat Phase 1 - 45 lot residential subdivision at northeast corner of development,residential_subdivision,0.9,https://www.utah.gov/pmn/sitemap/notice/1074883.html,"{""applicant"": ""Derald Anderson""}",pmn,2026-04-23T05:27:28.721519Z
web_7378099303414457351,Grantsville,nan,nan,Notice of 2026 Annual Meeting Schedule,other,0.0,https://www.grantsvilleut.gov/Document_Center/Government/City%20Council/2026/2026%20Annual%20Meeting%20Schedule%20Notice.pdf?t=202601201257560,"GRANTSVILLE CITY
NOTICE OF ANNUAL MEETING SCHEDULES
The public is hereby given notice in accordance with Utah State Code §52-4-202, Public Notice of
Meetings, that the Grantsville City Council will hold its regular meetings on the first and third
Wednesdays of each month at the Grantsville City Offices, 429 East Main Street, Grantsville, Utah and
electronically via Zoom. The meetings start at 7:00 pm unless otherwise noticed.
The Grantsville City Planning Commission will hold its regular monthly",web,2026-04-23T05:20:59.406739+00:00
web_6008253384243511395_item0,Grantsville,nan,2025-08-21,Appeal of Zoning Administrator's denial of request to keep three large animals at 1076 Windflower Lane due to barn setback non-compliance,conditional_use,0.9,https://www.grantsvilleut.gov/Document_Center/Department/Community%20&%20Economic%20Development/P%20&%20Z%20Agendas/2025/Revised%20Combined%20Agenda%20and%20Notices.pdf?t=202508211557220,"{""addresses"": [""1076 Windflower Lane""], ""applicant"": ""Tori McCurdy""}",web,2026-04-23T05:21:59.845714+00:00
web_1719831333336907146_item0,Grantsville,nan,2025-09-04,Conditional Use Permit for Spence Rents equipment rental business at 40 E Main Street,conditional_use,0.9,https://www.grantsvilleut.gov/Document_Center/Department/Community%20&%20Economic%20Development/P%20&%20Z%20Agendas/2025/Combined%20Agenda%20and%20Notices%209-4-25.pdf?t=202508281725270,"{""addresses"": [""40 E Main Street""], ""applicant"": ""Spencer Ostler""}",web,2026-04-23T05:21:59.424969+00:00
web_6758760318138592892_item0,Grantsville,nan,2025-09-18,"General Plan amendment adding a Water Element addressing supply, planning, and conservation",general_plan_amendment,0.9,https://www.grantsvilleut.gov/Document_Center/Department/Community%20&%20Economic%20Development/P%20&%20Z%20Agendas/2025/PC%20Agenda%209-18-25.pdf?t=202509111736120,,web,2026-04-23T05:21:58.371345+00:00
web_6758760318138592892_item1,Grantsville,nan,2025-09-18,Plat amendment for Harvest Meadows Subdivision to change front yard setbacks from 40 feet,residential_subdivision,0.9,https://www.grantsvilleut.gov/Document_Center/Department/Community%20&%20Economic%20Development/P%20&%20Z%20Agendas/2025/PC%20Agenda%209-18-25.pdf?t=202509111736120,,web,2026-04-23T05:21:58.371345+00:00
web_8255430795305396235_item0,Grantsville,nan,2025-10-02,Consideration of the Proposed Preliminary Plat Application for West Haven PUD subdivision,residential_subdivision,0.9,https://www.grantsvilleut.gov/Document_Center/Department/Community%20&%20Economic%20Development/P%20&%20Z%20Agendas/2025/Revised%20PC%20Agenda%2010-2-25.pdf?t=202509261259510,,web,2026-04-23T05:21:37.930934+00:00
web_8255430795305396235_item1,Grantsville,nan,2025-10-02,Consideration of the preliminary plat for Falcon Landing located in the RM-7 and R-1-12 zoning,residential_subdivision,0.9,https://www.grantsvilleut.gov/Document_Center/Department/Community%20&%20Economic%20Development/P%20&%20Z%20Agendas/2025/Revised%20PC%20Agenda%2010-2-25.pdf?t=202509261259510,,web,2026-04-23T05:21:37.930934+00:00
web_8255430795305396235_item2,Grantsville,nan,2025-10-02,Consideration of the twin home dwelling layout located in Falcon Landing Subdivision,residential_subdivision,0.9,https://www.grantsvilleut.gov/Document_Center/Department/Community%20&%20Economic%20Development/P%20&%20Z%20Agendas/2025/Revised%20PC%20Agenda%2010-2-25.pdf?t=202509261259510,,web,2026-04-23T05:21:37.930934+00:00
web_6580154090674149387_item0,Grantsville,nan,2025-10-02,Consideration of the Proposed Preliminary Plat Application for West Haven PUD subdivision,residential_subdivision,0.9,https://www.grantsvilleut.gov/Document_Center/Department/Community%20&%20Economic%20Development/P%20&%20Z%20Agendas/2025/Combined%20Planning%20Commission%20Packet%2010-2-25.pdf?t=202509261301430,,web,2026-04-23T05:21:58.184864+00:00
web_6580154090674149387_item1,Grantsville,nan,2025-10-02,Consideration of the preliminary plat for Falcon Landing located in the RM-7 and R-1-12 zoning,residential_subdivision,0.9,https://www.grantsvilleut.gov/Document_Center/Department/Community%20&%20Economic%20Development/P%20&%20Z%20Agendas/2025/Combined%20Planning%20Commission%20Packet%2010-2-25.pdf?t=202509261301430,,web,2026-04-23T05:21:58.184864+00:00
web_6580154090674149387_item2,Grantsville,nan,2025-10-02,Consideration of the twin home dwelling layout located in Falcon Landing Subdivision,residential_subdivision,0.9,https://www.grantsvilleut.gov/Document_Center/Department/Community%20&%20Economic%20Development/P%20&%20Z%20Agendas/2025/Combined%20Planning%20Commission%20Packet%2010-2-25.pdf?t=202509261301430,,web,2026-04-23T05:21:58.184864+00:00
web_7837048760312595396_item0,Grantsville,nan,2025-10-08,Consideration of the Proposed Preliminary Plat Application for West Haven PUD Subdivision,residential_subdivision,0.9,https://www.grantsvilleut.gov/Document_Center/Department/Community%20&%20Economic%20Development/P%20&%20Z%20Agendas/2025/Planning%20Commission%20Combined%20Packet%2010-8-2025.pdf?t=202510101033140,,web,2026-04-23T05:21:37.710153+00:00
web_5241994351241607551_item0,Grantsville,nan,2025-10-16,Consideration of the Proposed Preliminary Plat Application for West Haven PUD Subdivision,residential_subdivision,0.9,https://www.grantsvilleut.gov/Document_Center/Department/Community%20&%20Economic%20Development/P%20&%20Z%20Agendas/2025/PC%20Agenda%2010-16-25.pdf?t=202510101032280,,web,2026-04-23T05:21:17.549938+00:00
web_4815831657363905066_item0,Grantsville,nan,2025-11-04,Conditional use permit for Cirque Roskelley trapeze and aerial silks training business at 775 S Cedar Road,conditional_use,0.9,https://www.grantsvilleut.gov/Document_Center/Department/Community%20&%20Economic%20Development/P%20&%20Z%20Agendas/2025/Revised%20PC%20Agenda%2011-4-25.pdf?t=202510241919270,"{""addresses"": [""775 S Cedar Road""], ""applicant"": ""Scott Roskelley""}",web,2026-04-23T05:21:17.409720+00:00
web_1065678160231082841_item0,Grantsville,nan,2025-11-18,"Rezone of 655 S. Willow Street, 635 S. Willow Street, 387 E. Nygreen Street, 400 E. Heritage Lane, 420 E. Heritage Lane, and parcel 18-049-0-000R from RR-1 to R-1-21",rezone,0.9,https://www.grantsvilleut.gov/Document_Center/Department/Community%20&%20Economic%20Development/P%20&%20Z%20Agendas/2025/Revised%20PC%20Agenda%2011-18-25.pdf?t=202511141108290,"{""parcel_ids"": [""18-049-0-000R""], ""addresses"": [""655 S. Willow Street"", ""635 S. Willow Street"", ""387 E. Nygreen Street"", ""400 E. Heritage Lane"", ""420 E. Heritage Lane""]}",web,2026-04-23T05:21:17.042317+00:00
web_8261630542181677999,Grantsville,nan,2025-11-18,Agenda,other,0.0,https://www.grantsvilleut.gov/Document_Center/Department/Community%20&%20Economic%20Development/P%20&%20Z%20Agendas/2025/PC%20Training%20Agenda%2011-18-2025.pdf?t=202511141040470,"PUBLIC NOTICE
The Grantsville City Council and Planning Commission will hold a Joint Work Meeting at 6:00 pm on Tuesday,
November 18, 2025 at 429 East Main Street, Grantsville, UT 84029. The agenda is as follows:
ROLL CALL
AGENDA
1. Training with the Property Rights Ombudsman.
2. Adjourn.
Shelby Moore
Zoning Administrator
Scan QR code
Grantsville City Community & Economic Development
to join Zoom
meeting.
Join Zoom Meeting
https://us02web.zoom.us/j/84449308949
Meeting ID: 844 4930 8949
In compli",web,2026-04-23T05:21:17.229373+00:00
web_28158917702835663_item0,Grantsville,nan,2025-12-02,Conditional use permit for Russell Wallis home-based business for storage and rental of roll-off dumpsters and trailer unit at 334 S Banister Lane,conditional_use,0.9,https://www.grantsvilleut.gov/Document_Center/Department/Community%20&%20Economic%20Development/P%20&%20Z%20Agendas/2025/Revised%20PC%20Agenda%2012-2-25.pdf?t=202511261537120,"{""addresses"": [""334 S Banister Lane""], ""applicant"": ""Russell Wallis""}",web,2026-04-23T05:21:15.943178+00:00
web_4093468542894817629_item0,Grantsville,nan,2025-12-02,Conditional use permit for Russell Wallis home-based business for storage and rental of roll-off dumpsters and trailer unit at 334 S Banister Lane,conditional_use,0.9,https://www.grantsvilleut.gov/Document_Center/Department/Community%20&%20Economic%20Development/P%20&%20Z%20Agendas/2025/Combined%20Planning%20Commission%20Packet%2012-2-25.pdf?t=202511261537370,"{""addresses"": [""334 S Banister Lane""], ""applicant"": ""Russell Wallis""}",web,2026-04-23T05:21:16.875187+00:00
web_1016475354763989838_item0,Grantsville,nan,2025-12-16,Rezone of 587 E Main Street from C-D (Commercial Development District) to RM-15 (Multiple Residential District),rezone,0.9,https://www.grantsvilleut.gov/Document_Center/Department/Community%20&%20Economic%20Development/P%20&%20Z%20Agendas/2025/PC%20Agenda%2012-16-25.pdf?t=202512041718380,"{""addresses"": [""587 E Main Street""]}",web,2026-04-23T05:21:15.669516+00:00
web_1016475354763989838_item1,Grantsville,nan,2025-12-16,Rezone of 15 N Center Street and 9 N Center Street,rezone,0.9,https://www.grantsvilleut.gov/Document_Center/Department/Community%20&%20Economic%20Development/P%20&%20Z%20Agendas/2025/PC%20Agenda%2012-16-25.pdf?t=202512041718380,"{""addresses"": [""15 N Center Street"", ""9 N Center Street""]}",web,2026-04-23T05:21:15.669516+00:00
web_982396973994883035_item0,Grantsville,nan,2026-01-06,Master Development Agreement for Cloward Court Subdivision at 713 E Main Street,residential_subdivision,0.9,https://www.grantsvilleut.gov/Document_Center/Department/Community%20&%20Economic%20Development/P%20&%20Z%20Agendas/2026/PC%20Agenda%201-6-26.pdf?t=202512181847470,"{""addresses"": [""713 E Main Street""]}",web,2026-04-23T05:21:15.488770+00:00
web_982396973994883035_item1,Grantsville,nan,2026-01-06,Access and Maintenance Easement Agreement for Cloward Court Subdivision at 713 E Main Street,residential_subdivision,0.9,https://www.grantsvilleut.gov/Document_Center/Department/Community%20&%20Economic%20Development/P%20&%20Z%20Agendas/2026/PC%20Agenda%201-6-26.pdf?t=202512181847470,"{""addresses"": [""713 E Main Street""]}",web,2026-04-23T05:21:15.488770+00:00
pmn_1046547_item0,Grantsville,Grantsville City Planning Commission,2026-01-06,Consideration of the proposed Master Development Agreement for Cloward Court Subdivision located at 713 E Main Street,residential_subdivision,0.9,https://www.utah.gov/pmn/sitemap/notice/1046547.html,"{""addresses"": [""713 E Main Street""]}",pmn,2026-04-23T05:27:28.721204Z
pmn_1046547_item1,Grantsville,Grantsville City Planning Commission,2026-01-06,Consideration of the proposed Access and Maintenance Easement Agreement for Cloward Court Subdivision located at 713 E Main Street,residential_subdivision,0.9,https://www.utah.gov/pmn/sitemap/notice/1046547.html,"{""addresses"": [""713 E Main Street""]}",pmn,2026-04-23T05:27:28.721204Z
pmn_1046547_item2,Grantsville,Grantsville City Planning Commission,2026-01-06,"Proposed conditional use permit for Kelly Price to have up to twenty-four (24) chickens on her residential property located at 594 Quirk Street, in the R-1-21 zone",conditional_use,0.9,https://www.utah.gov/pmn/sitemap/notice/1046547.html,"{""addresses"": [""594 Quirk Street""], ""applicant"": ""Kelly Price""}",pmn,2026-04-23T05:27:28.721204Z
web_1914263180576358410_item0,Grantsville,nan,2026-01-20,General Plan Amendment for Apple Street Townhomes Subdivision to change land use designation from Single-Family Density to Mixed-Use Density,general_plan_amendment,0.9,https://www.grantsvilleut.gov/Document_Center/Department/Community%20&%20Economic%20Development/P%20&%20Z%20Agendas/2026/Updated%20Agenda%201-20-2026.pdf?t=202601091411410,"{""parcel_ids"": [""01-066-0-0006"", ""23-001-0-00A"", ""01-112-0-0012"", ""01-112-0-0011""]}",web,2026-04-23T05:21:15.319626+00:00
pmn_1050789_item0,Grantsville,Grantsville City Planning Commission,2026-01-20,General Plan Amendment for Apple Street Townhomes Subdivision to change land use designation from Single-Family Density to Mixed-Use Density,general_plan_amendment,0.9,https://www.utah.gov/pmn/sitemap/notice/1050789.html,"{""parcel_ids"": [""01-066-0-0006"", ""23-001-0-00A"", ""01-112-0-0012"", ""01-112-0-0011""], ""addresses"": [""Cherry Blossom Lane and Apple Street""]}",pmn,2026-04-23T05:27:28.721201Z
pmn_1050789_item1,Grantsville,Grantsville City Planning Commission,2026-01-20,Rezone of Apple Street Townhomes Subdivision from A-10 and R-1-12 to RM-15 (Multiple Residential District),rezone,0.9,https://www.utah.gov/pmn/sitemap/notice/1050789.html,"{""parcel_ids"": [""01-066-0-0006"", ""23-001-0-00A"", ""01-112-0-0012"", ""01-112-0-0011""], ""addresses"": [""Cherry Blossom Lane and Apple Street""], ""acres"": 0.95}",pmn,2026-04-23T05:27:28.721201Z
pmn_1050789_item2,Grantsville,Grantsville City Planning Commission,2026-01-20,Discussion of proposed new use for Micro-Entrepreneurship within the RM-7 zoning designation,conditional_use,0.9,https://www.utah.gov/pmn/sitemap/notice/1050789.html,,pmn,2026-04-23T05:27:28.721201Z
pmn_1050789_item3,Grantsville,Grantsville City Planning Commission,2026-01-20,"Discussion of proposed amendments to Chapters 2, 7, 8, 9, 14, 15, and 16 related to Conditional Uses",ordinance,0.9,https://www.utah.gov/pmn/sitemap/notice/1050789.html,,pmn,2026-04-23T05:27:28.721201Z
web_6791975121029894434_item0,Grantsville,nan,2026-01-26,Resolution 2026-11 authorizing the city attorney to take legal action,resolution,0.9,https://www.grantsvilleut.gov/Document_Center/Government/City%20Council/2026/01.26.2026/01.26%20Special%20Meeting%20Agenda.pdf?t=202601231853540,,web,2026-04-23T05:21:13.647071+00:00
web_5821174738666568080_item0,Grantsville,nan,2026-01-26,Resolution 2026-11 authorizing legal action to enforce annexation of Six Mile Ranch into Grantsville City,resolution,0.9,https://www.grantsvilleut.gov/Document_Center/Government/City%20Council/2026/01.26.2026/01.26%20Agenda%20Packet.pdf?t=202601231854040,,web,2026-04-23T05:21:13.922640+00:00
web_4673591536611861309_item0,Grantsville,nan,2026-01-30,Site visit to Burt Brothers Motorpark / Utah Motorsports Campus,other,0.9,https://www.grantsvilleut.gov/Document_Center/Government/City%20Council/2026/01.30.2026/01.30.2026%20Site%20Visit%20Notice.pdf?t=202601281624080,"{""addresses"": [""512 Sheep Ln, Tooele, UT 84074""]}",web,2026-04-23T05:21:13.498380+00:00
web_6471137918916107856_item0,Grantsville,nan,2026-02-03,Consideration of a proposed new use allowing Micro-Entrepreneurship within the RM-7 zoning designation,ordinance,0.9,https://www.grantsvilleut.gov/Document_Center/Department/Community%20&%20Economic%20Development/P%20&%20Z%20Agendas/2026/Amended%20PC%20Agenda%202-3-26..pdf?t=202601291627340,,web,2026-04-23T05:21:15.101513+00:00
web_6471137918916107856_item1,Grantsville,nan,2026-02-03,"Consideration of a proposed General Plan Amendment for parcels 01-131-0-0002, 01-130-0-0009, 01-130-0-0008, 01-130-0-0016, and 01-130-0-0014 to change the land use",general_plan_amendment,0.9,https://www.grantsvilleut.gov/Document_Center/Department/Community%20&%20Economic%20Development/P%20&%20Z%20Agendas/2026/Amended%20PC%20Agenda%202-3-26..pdf?t=202601291627340,"{""parcel_ids"": [""01-131-0-0002"", ""01-130-0-0009"", ""01-130-0-0008"", ""01-130-0-0016"", ""01-130-0-0014""]}",web,2026-04-23T05:21:15.101513+00:00
pmn_1054275_item0,Grantsville,Grantsville City Planning Commission,2026-02-03,Consideration of a proposed new use allowing Micro-Entrepreneurship within the RM-7 zoning designation,ordinance,0.9,https://www.utah.gov/pmn/sitemap/notice/1054275.html,,pmn,2026-04-23T05:27:28.721199Z
pmn_1054275_item1,Grantsville,Grantsville City Planning Commission,2026-02-03,"General Plan Amendment for parcels 01-131-0-0002, 01-130-0-0009, 01-130-0-0008, 01-130-0-0016, and 01-130-0-0014 to change land use designation from Rural Residential 2 to Mixed-Use Density for the Crossing at Willow Creek Subdivision",general_plan_amendment,0.9,https://www.utah.gov/pmn/sitemap/notice/1054275.html,"{""parcel_ids"": [""01-131-0-0002"", ""01-130-0-0009"", ""01-130-0-0008"", ""01-130-0-0016"", ""01-130-0-0014""], ""acres"": 154}",pmn,2026-04-23T05:27:28.721199Z
pmn_1054275_item2,Grantsville,Grantsville City Planning Commission,2026-02-03,"Rezone parcels 01-130-0-0008, 01-130-0-0016, and 01-130-0-0014 from A-10 (Agricultural) to General Manufacturing (MG) district",rezone,0.9,https://www.utah.gov/pmn/sitemap/notice/1054275.html,"{""parcel_ids"": [""01-130-0-0008"", ""01-130-0-0016"", ""01-130-0-0014""], ""acres"": 51.6}",pmn,2026-04-23T05:27:28.721199Z
pmn_1054275_item3,Grantsville,Grantsville City Planning Commission,2026-02-03,"Rezone parcels 01-131-0-0002, 01-130-0-0009, 01-130-0-0008, 01-130-0-0016, and 01-130-0-0014 from A-10 (Agricultural) to Mixed Use District (M-U) for the Crossing at Willow Creek Subdivision",rezone,0.9,https://www.utah.gov/pmn/sitemap/notice/1054275.html,"{""parcel_ids"": [""01-131-0-0002"", ""01-130-0-0009"", ""01-130-0-0008"", ""01-130-0-0016"", ""01-130-0-0014""], ""acres"": 102.4}",pmn,2026-04-23T05:27:28.721199Z
web_6352881257212947316_item0,Grantsville,nan,2026-02-04,Consideration of approving Resolution 2026-02,resolution,0.9,https://www.grantsvilleut.gov/Document_Center/Government/City%20Council/2026/02.04.2026/02.04.2026%20Agenda%20AMENDED.pdf?t=202602041900340,,web,2026-04-23T05:21:09.925309+00:00
web_5476404034194720763,Grantsville,nan,2026-02-04,Minutes,other,0.0,https://www.grantsvilleut.gov/Document_Center/Government/City%20Council/2026/02.04.2026/02.04.2026%20City%20Council%20Meeting%20Minutes%20FINAL.pdf?t=202603241811430,"MINUTES OF THE BUSINESS MEETING OF THE GRANTSVILLE CITY COUNCIL,
HELD ON FEBRUARY 4TH, 2026 AT THE GRANTSVILLE CITY HALL, LOCATED AT
429 EAST MAIN STREET, GRANTSVILLE, UTAH AND ELECTRONICALLY VIA
ZOOM. THE MEETING BEGAN AT 7:00 P.M.
Mayor and Council Members Present:
Mayor Hammond Brittany Skinner
Rhett Butler Jake Thomas
Derek Dalton Jeff Williams
Council Members Excused: none.
Appointed Officers and Employees Present:
Michael Resare, City Manager Fire Chief Jason Remick
Alicia Fairbourne, City",web,2026-04-23T05:21:13.384923+00:00
web_8563696360546485106,Grantsville,nan,2026-02-04,Packet,other,0.0,https://www.grantsvilleut.gov/Document_Center/Government/City%20Council/2026/02.04.2026/02.04.2026%20Council%20Meeting%20Packet%20v5.pdf?t=202602041901140,"February 4, 2026
City Council Meeting
Information Packet
Agenda Item # 1
Public Comment
Agenda Item # 2
Summary Action Items
a. Approval of Minutes from the
January 22, 2026 City Council
Regular Meeting and January
26, 2026 Special Meeting
b. Approval of Bills
MINUTES OF THE BUSINESS MEETING OF THE GRANTSVILLE CITY COUNCIL,
HELD ON JANUARY 22nd, 2026 AT THE GRANTSVILLE CITY HALL, LOCATED AT
429 EAST MAIN STREET, GRANTSVILLE, UTAH AND ELECTRONICALLY VIA
ZOOM. THE MEETING BEGAN AT 6:00 P.M.
Mayor ",web,2026-04-23T05:21:11.788313+00:00
pmn_1057723_item0,Grantsville,Grantsville City Planning Commission,2026-02-17,Appeal of Zoning Administrator's denial of request to keep one large animal at 565 S. McKay Circle in R-1-21 zoning district,conditional_use,0.9,https://www.utah.gov/pmn/sitemap/notice/1057723.html,"{""addresses"": [""565 S. McKay Circle""], ""applicant"": ""Courtny Rossow""}",pmn,2026-04-23T05:27:28.721196Z
pmn_1057723_item1,Grantsville,Grantsville City Planning Commission,2026-02-17,Conditional Use Permit for micro-entrepreneurship home-based business (farm stand and cottage food products) at 10 W Clark Street in RM-7 zoning district,conditional_use,0.9,https://www.utah.gov/pmn/sitemap/notice/1057723.html,"{""addresses"": [""10 W Clark Street""], ""applicant"": ""Vickie Lake and Kathleen Hunt""}",pmn,2026-04-23T05:27:28.721196Z
web_3165222391071753508,Grantsville,nan,2026-02-18,Agenda,other,0.0,https://www.grantsvilleut.gov/Document_Center/Government/City%20Council/2026/02.18.2026/02.18.2026%20City%20Council%20Meeting%20Agenda.pdf?t=202602132011090,"PUBLIC NOTICE:
The Grantsville City Council will hold a Regular Meeting and Public Hearing on Wednesday, February 18,
2026 in person at 429 East Main Street, Grantsville UT 84029 and electronically via Zoom beginning at 7:00
pm.
The agenda is as follows:
ROLL CALL
AGENDA:
1. Public Comment
2. Summary Action Items
a. Approval of Minutes from the February 4, 2026 City Council Regular Meeting
b. Approval of Bills
3. Presentation from the Tooele Technical College introducing the 2026 Student of the ",web,2026-04-23T05:21:07.030292+00:00
web_272070579473475029,Grantsville,nan,2026-02-18,Minutes,other,0.0,https://www.grantsvilleut.gov/Document_Center/Government/City%20Council/2026/02.18.2026/02.18.2026%20City%20Council%20Regular%20Meeting%20Minutes%20DRAFT.pdf?t=202603241810530,"MINUTES OF THE BUSINESS MEETING OF THE GRANTSVILLE CITY COUNCIL,
HELD ON FEBRUARY 18TH, 2026 AT THE GRANTSVILLE CITY HALL, LOCATED AT
429 EAST MAIN STREET, GRANTSVILLE, UTAH AND ELECTRONICALLY VIA
ZOOM. THE MEETING BEGAN AT 7:00 P.M.
Mayor and Council Members Present:
Mayor Hammond Jake Thomas
Derek Dalton Jeff Williams
Brittany Skinner
Council Members Excused: Rhett Butler
Appointed Officers and Employees Present:
Michael Resare, City Manager Christy Montierth, Public Works Director
Alicia Fair",web,2026-04-23T05:21:09.639242+00:00
web_9117177889459254138,Grantsville,nan,2026-02-18,Packet,other,0.0,https://www.grantsvilleut.gov/Document_Center/Government/City%20Council/2026/02.18.2026/02.18.2026%20Packet.pdf?t=202602132011160,"February 18, 2026
City Council Meeting
Information Packet
Agenda Item # 1
Public Comment
Agenda Item # 2
Summary Action Items
a. Approval of Minutes from the
February 4, 2026 City Council
Regular Meeting
b. Approval of the Bills
MINUTES OF THE BUSINESS MEETING OF THE GRANTSVILLE CITY COUNCIL,
HELD ON FEBRUARY 4TH, 2026 AT THE GRANTSVILLE CITY HALL, LOCATED AT
429 EAST MAIN STREET, GRANTSVILLE, UTAH AND ELECTRONICALLY VIA
ZOOM. THE MEETING BEGAN AT 7:00 P.M.
Mayor and Council Members Present:
May",web,2026-04-23T05:21:08.471473+00:00
web_5394019478458133145_item0,Grantsville,nan,2026-03-03,Rezone of Parcel 01-066-0-0030 from A-10 (Agricultural) to Shopping Commercial District (C-S) at 519 W Main Street,rezone,0.9,https://www.grantsvilleut.gov/Document_Center/Department/Community%20&%20Economic%20Development/P%20&%20Z%20Agendas/2026/PC%20Agenda%203-3-26.pdf?t=202602191903290,"{""parcel_ids"": [""01-066-0-0030""], ""addresses"": [""519 W Main Street""]}",web,2026-04-23T05:21:14.860412+00:00
pmn_1061015_item0,Grantsville,Grantsville City Planning Commission,2026-03-03,Rezone of Parcel 01-066-0-0030 from A-10 (Agricultural) to Shopping Commercial District (C-S) at 519 W Main Street,rezone,0.9,https://www.utah.gov/pmn/sitemap/notice/1061015.html,"{""parcel_ids"": [""01-066-0-0030""], ""addresses"": [""519 W Main Street""]}",pmn,2026-04-23T05:27:28.721193Z
pmn_1061015_item1,Grantsville,Grantsville City Planning Commission,2026-03-03,"Proposed amendments to the Grantsville City Land Use and Management Code, Chapters 2, 4, 6, 7, 8, 9, 14, 15, 16, 20, and 21",ordinance,0.9,https://www.utah.gov/pmn/sitemap/notice/1061015.html,,pmn,2026-04-23T05:27:28.721193Z
pmn_1061015_item2,Grantsville,Grantsville City Planning Commission,2026-03-03,Consideration of the proposed Grantsville City Annexation Policy Plan,annexation,0.9,https://www.utah.gov/pmn/sitemap/notice/1061015.html,,pmn,2026-04-23T05:27:28.721193Z
web_216509219318939358_item0,Grantsville,nan,2026-03-04,Consideration of Ordinance 2026-13 approving a rezone for certain real property,rezone,0.9,https://www.grantsvilleut.gov/Document_Center/Government/City%20Council/2026/03.04.2026/03.04.2026%20City%20Council%20Meeting%20Agenda.pdf?t=202602271855040,,web,2026-04-23T05:21:06.236288+00:00
web_4904004503751813916_item0,Grantsville,nan,2026-03-04,Ordinance 2026-13: Rezone property at 519 W Main Street from A-10 (Agricultural) to C-S (Shopping Commercial District),rezone,0.9,https://www.grantsvilleut.gov/Document_Center/Government/City%20Council/2026/03.04.2026/03.04.2026%20City%20Council%20Meeting%20Materials.pdf?t=202603041633320,"{""addresses"": [""519 W Main Street""]}",web,2026-04-23T05:21:06.773667+00:00
web_8929757998160297161_item0,Grantsville,nan,2026-03-17,Discussion of proposed concept in Residential District (R-1-21),other,0.9,https://www.grantsvilleut.gov/Document_Center/Department/Community%20&%20Economic%20Development/P%20&%20Z%20Agendas/2026/Revised%20Agenda%203-17-26.pdf?t=202603061720210,,web,2026-04-23T05:21:14.661365+00:00
web_8929757998160297161_item1,Grantsville,nan,2026-03-17,Discussion of proposed Master Development Agreement for Mack Canyon Subdivision near Mack Canyon Road,residential_subdivision,0.9,https://www.grantsvilleut.gov/Document_Center/Department/Community%20&%20Economic%20Development/P%20&%20Z%20Agendas/2026/Revised%20Agenda%203-17-26.pdf?t=202603061720210,,web,2026-04-23T05:21:14.661365+00:00
pmn_1064203_item0,Grantsville,Grantsville City Planning Commission,2026-03-17,Discussion of a proposed concept in Residential District (R-1-21),other,0.9,https://www.utah.gov/pmn/sitemap/notice/1064203.html,,pmn,2026-04-23T05:27:28.721191Z
pmn_1064203_item1,Grantsville,Grantsville City Planning Commission,2026-03-17,Discussion of the proposed Master Development Agreement for Mack Canyon Subdivision located near Mack Canyon Road and SR-138,residential_subdivision,0.9,https://www.utah.gov/pmn/sitemap/notice/1064203.html,,pmn,2026-04-23T05:27:28.721191Z
pmn_1064203_item2,Grantsville,Grantsville City Planning Commission,2026-03-17,Rezone of parcels 01-065-0-0074 and 01-065-0-0014 from R-1-21 to R-1-12 for Mack Canyon Subdivision near Mack Canyon Road and SR-138,rezone,0.9,https://www.utah.gov/pmn/sitemap/notice/1064203.html,"{""parcel_ids"": [""01-065-0-0074"", ""01-065-0-0014""]}",pmn,2026-04-23T05:27:28.721191Z
pmn_1064203_item3,Grantsville,Grantsville City Planning Commission,2026-03-17,"Rezone of parcels 01-071-0-0012, 01-074-0-0012, 01-074-0-0010, and 11-010-0-0002 from R-1-21 to R-1-12 for Wellstone Subdivision near Pear Street and Quirk Street",rezone,0.9,https://www.utah.gov/pmn/sitemap/notice/1064203.html,"{""parcel_ids"": [""01-071-0-0012"", ""01-074-0-0012"", ""01-074-0-0010"", ""11-010-0-0002""]}",pmn,2026-04-23T05:27:28.721191Z
pmn_1064203_item4,Grantsville,Grantsville City Planning Commission,2026-03-17,Consideration of proposed Dave Christensen single lot development and private lane at approximately 417 E Durfee Street,site_plan,0.9,https://www.utah.gov/pmn/sitemap/notice/1064203.html,"{""addresses"": [""417 E Durfee Street""], ""applicant"": ""Dave Christensen""}",pmn,2026-04-23T05:27:28.721191Z
pmn_1064203_item5,Grantsville,Grantsville City Planning Commission,2026-03-17,"Consideration of proposed amendments to Grantsville City Land Use and Management Code, Chapter 2",ordinance,0.9,https://www.utah.gov/pmn/sitemap/notice/1064203.html,,pmn,2026-04-23T05:27:28.721191Z
pmn_1064203_item6,Grantsville,Grantsville City Planning Commission,2026-03-17,"Consideration of proposed amendments to Grantsville City Land Use and Management Code, Chapters 4, 6, 7, 8, 9, 14, 15, 16, 20, and 21",ordinance,0.9,https://www.utah.gov/pmn/sitemap/notice/1064203.html,,pmn,2026-04-23T05:27:28.721191Z
web_4644291371284350484,Grantsville,nan,2026-03-24,Agenda,other,0.0,https://www.grantsvilleut.gov/Document_Center/Department/Community%20&%20Economic%20Development/P%20&%20Z%20Agendas/2026/2026.03.24%20-%20PC%20Agenda.pdf?t=202603201417570,"PUBLIC NOTICE
The Grantsville City Planning Commission will hold a training session with staff at 6:30 p.m. on
Tuesday, March 24, 2026 at 429 East Main Street, Grantsville, UT 84029. The agenda is as follows:
ROLL CALL
AGENDA
1. Training Topics
2. Questions and Discussion
3. Adjourn
Shelby Moore
Zoning Administrator
Scan QR code
Grantsville City Community & Economic Development
to join Zoom
meeting.
Join Zoom Meeting
Join Zoom Meeting: https://us02web.zoom.us/j/4358843411
By Phone, Dial: 1-253-2",web,2026-04-23T05:21:14.462329+00:00
pmn_1067817,Grantsville,Grantsville City Planning Commission,2026-03-24,"Planning Commission Training Meeting March 24, 2026",nan,nan,https://www.utah.gov/pmn/sitemap/notice/1067817.html,"PUBLIC NOTICE
The Grantsville City Planning Commission will hold a training session with staff at 6:30 p.m. on Tuesday, March 24, 2026 at 429 East Main Street, Grantsville, UT 84029. The agenda is as follows:
ROLL CALL

AGENDA

1.	Training Topics
2.	Questions and Discussion
3.	Adjourn










 
Shelby Moore
Zoning Administrator
Grantsville City Community & Economic Development

Join Zoom Meeting
Join Zoom Meeting: https://us02web.zoom.us/j/4358843411 By Phone, Dial: 1-253-215-8782
Meeting ID: 435 884 3411
 


Scan QR code to join Zoom meeting.",pmn,2026-04-23T05:27:28.721188Z
web_4051794437999752649,Grantsville,nan,2026-03-25,Agenda,other,0.0,https://www.grantsvilleut.gov/Document_Center/Government/City%20Council/2026/03.25.2026/03.25.2026%20City%20Council%20Meeting%20Agenda.pdf?t=202603241807210,"PUBLIC NOTICE:
The Grantsville City Council will hold a Regular Meeting and Public Hearing on Wednesday, March 25, 2026
in person at 429 East Main Street, Grantsville UT 84029 and electronically via Zoom beginning at 7:00 p.m.
The agenda is as follows:
ROLL CALL
AGENDA:
1. Public Comment
2. Summary Action Items
a. Approval of Minutes from the February 18, 2026 City Council Regular Meeting
b. Approval of Minutes from the March 4, 2026 City Council Regular Meeting
c. Approval of bills
3. Presentat",web,2026-04-23T05:21:04.548842+00:00
pmn_1065945_item0,Grantsville,Grantsville City Council,2026-03-25,Public hearing on proposed land exchange between Grantsville City and Dave and Teresa Reed,public_hearing,0.9,https://www.utah.gov/pmn/sitemap/notice/1065945.html,"{""parcel_ids"": [""01-061-0-0070"", ""01-068-0-0038"", ""01-068-0-0055""], ""addresses"": [""429 E. Main St., Grantsville, UT""], ""applicant"": ""Dave and Teresa Reed"", ""acres"": 20.47}",pmn,2026-04-23T05:27:28.720869Z
pmn_1065947,Grantsville,Grantsville City Council,2026-03-25,Notice of Rescheduled Regular Meeting,nan,nan,https://www.utah.gov/pmn/sitemap/notice/1065947.html,"PUBLIC NOTICE
GRANTSVILLE CITY
NOTICE OF MEETING RESCHEDULE

PUBLIC NOTICE IS HEREBY GIVEN that the regular meeting of the Grantsville City Council previously scheduled for Wednesday, March 18, 2026, at 7:00 p.m. has been rescheduled to Wednesday, March 25, 2026, at 7:00 p.m.

The meeting will be held at Grantsville City Hall, 429 E. Main St., Grantsville, Utah.

This notice was posted at Grantsville City Hall and on the Utah Public Notice Website.

DATED this 12th day of March, 2026.
Alicia Fairbourne
Grantsville City Recorder",pmn,2026-04-23T05:27:28.720873Z
web_8247594715788809697,Grantsville,nan,2026-03-25,Packet,other,0.0,https://www.grantsvilleut.gov/Document_Center/Government/City%20Council/2026/03.25.2026/03.25.2026%20Agenda%20Packet.pdf?t=202603241807430,"March 25, 2026
City Council Meeting
Information Packet
Agenda Item # 1
Public Comment
Agenda Item # 2
Summary Action Items
a. Approval of Minutes from the
February 18, 2026 City Council
Regular Meeting
b. Approval of Minutes from the
March 4, 2026 City Council
Regular Meeting
c. Approval of bills
February 18, 2026 City
Council Meeting Minutes
MINUTES OF THE BUSINESS MEETING OF THE GRANTSVILLE CITY COUNCIL,
HELD ON FEBRUARY 18TH, 2026 AT THE GRANTSVILLE CITY HALL, LOCATED AT
429 EAST MAIN STREET,",web,2026-04-23T05:21:06.053648+00:00
web_7616605974786274676,Grantsville,nan,2026-04-01,Agenda,other,0.0,https://www.grantsvilleut.gov/Document_Center/Government/City%20Council/2026/04.01.2026/04.01.2026%20Council%20Meeting%20Agenda%20AMENDED.pdf?t=202603311736360,"PUBLIC NOTICE:
The Grantsville City Council will hold a Regular Meeting and Public Hearing on Wednesday, April 1, 2026 in
person at 429 East Main Street, Grantsville UT 84029 and electronically via Zoom beginning at 7:00 pm.
AGENDA AMENDED 3/31/2026 1:40 PM
The agenda is as follows:
ROLL CALL
AGENDA:
1. Public Comment
2. Summary Action Items
a. Approval of Minutes from the March 25, 2026 City Council Regular Meeting
b. Approval of bills
3. Presentation of a Community Enhancement grant for the Gr",web,2026-04-23T05:21:02.093566+00:00
pmn_1069485_item0,Grantsville,Grantsville City Council,2026-04-01,Resolution 2026-17 awarding contract for professional landscape and memorial design services for Veterans Memorial Park to Fritz Custom Concrete,resolution,0.9,https://www.utah.gov/pmn/sitemap/notice/1069485.html,"{""applicant"": ""Fritz Custom Concrete""}",pmn,2026-04-23T05:27:28.720864Z
pmn_1069485_item1,Grantsville,Grantsville City Council,2026-04-01,Public hearing to receive input on issuance of sewer revenue bonds to finance wastewater treatment plant improvements,public_hearing,0.9,https://www.utah.gov/pmn/sitemap/notice/1069485.html,,pmn,2026-04-23T05:27:28.720864Z
pmn_1069485_item2,Grantsville,Grantsville City Council,2026-04-01,"Resolution 2026-18 awarding contract for construction of Grantsville City Wastewater Treatment Plant to VanCon, Inc.",resolution,0.9,https://www.utah.gov/pmn/sitemap/notice/1069485.html,"{""applicant"": ""VanCon, Inc.""}",pmn,2026-04-23T05:27:28.720864Z
pmn_1069485_item3,Grantsville,Grantsville City Council,2026-04-01,Ordinance 2026-12 adjusting sewer rate in connection with wastewater treatment plant improvements and associated sewer revenue bonds,ordinance,0.9,https://www.utah.gov/pmn/sitemap/notice/1069485.html,,pmn,2026-04-23T05:27:28.720864Z
pmn_1069485_item4,Grantsville,Grantsville City Council,2026-04-01,"Resolution 2026-20 awarding contract for rodeo stock services to Broken Heart Rodeo Company, LLC",resolution,0.9,https://www.utah.gov/pmn/sitemap/notice/1069485.html,"{""applicant"": ""Broken Heart Rodeo Company, LLC""}",pmn,2026-04-23T05:27:28.720864Z
pmn_1069485_item5,Grantsville,Grantsville City Council,2026-04-01,"Approval of additional $10,000 funding for Scenic Slopes Bike Track for installation of timing equipment",other,0.9,https://www.utah.gov/pmn/sitemap/notice/1069485.html,,pmn,2026-04-23T05:27:28.720864Z
pmn_1069485_item6,Grantsville,Grantsville City Council,2026-04-01,Resolution 2026-19 authorizing dissolution of Desert Edge Public Infrastructure District Nos. 2-3,resolution,0.9,https://www.utah.gov/pmn/sitemap/notice/1069485.html,,pmn,2026-04-23T05:27:28.720864Z
pmn_1066785_item0,Grantsville,Grantsville City Council,2026-04-01,"Public hearing on issuance of Sewer Revenue Bonds, Series 2026 for sewer system improvements",public_hearing,0.9,https://www.utah.gov/pmn/sitemap/notice/1066785.html,"{""addresses"": [""429 East Main Street, Grantsville, Utah""], ""applicant"": ""Grantsville City, Utah""}",pmn,2026-04-23T05:27:28.720860Z
pmn_1066785_item1,Grantsville,Grantsville City Council,2026-04-01,"Resolution authorizing issuance of Sewer Revenue Bonds, Series 2026 in aggregate principal amount not to exceed Fifty Million Dollars",resolution,0.9,https://www.utah.gov/pmn/sitemap/notice/1066785.html,"{""applicant"": ""Grantsville City, Utah""}",pmn,2026-04-23T05:27:28.720860Z
web_8974133455866459362_item0,Grantsville,nan,2026-04-01,Resolution 2026-17 awarding contract for professional landscape and memorial design services for Veterans Memorial Park,resolution,0.9,https://www.grantsvilleut.gov/Document_Center/Government/City%20Council/2026/04.01.2026/04.01.2026%20Agenda%20Packet%20AMENDED.pdf?t=202604060016340,"{""applicant"": ""Fritz Custom C""}",web,2026-04-23T05:21:04.349673+00:00
pmn_1070237_item0,Grantsville,Grantsville City Council,2026-04-06,Groundbreaking Ceremony for Desert Edge Subdivision,other,0.9,https://www.utah.gov/pmn/sitemap/notice/1070237.html,"{""addresses"": [""1179 West Vegas Street, Grantsville, Utah""]}",pmn,2026-04-23T05:27:28.720855Z
web_7821155890528902292_item0,Grantsville,nan,2026-04-07,Presentation and Discussion of Falcon's Landing Subdivision concept,residential_subdivision,0.9,https://www.grantsvilleut.gov/Document_Center/Department/Community%20&%20Economic%20Development/P%20&%20Z%20Agendas/2026/PC%20Agenda%204-7-26%20Updated.pdf?t=202604031047010,,web,2026-04-23T05:21:14.329022+00:00
web_7821155890528902292_item1,Grantsville,nan,2026-04-07,"Conditional Use Permit for Patsy Perry to own and operate BnP Firearms and So Much More, LLC",conditional_use,0.9,https://www.grantsvilleut.gov/Document_Center/Department/Community%20&%20Economic%20Development/P%20&%20Z%20Agendas/2026/PC%20Agenda%204-7-26%20Updated.pdf?t=202604031047010,"{""applicant"": ""Patsy Perry""}",web,2026-04-23T05:21:14.329022+00:00
pmn_1071235_item0,Grantsville,Grantsville City Council,2026-04-07,Ordinance 2026-12 - Adoption of updated sewer rate schedule for wastewater system operation and maintenance through Fiscal Year 2035,ordinance,0.9,https://www.utah.gov/pmn/sitemap/notice/1071235.html,,pmn,2026-04-23T05:27:28.720851Z
pmn_1068897_item0,Grantsville,Grantsville City Planning Commission,2026-04-07,Presentation and Discussion of Falcon's Landing Subdivision concept,residential_subdivision,0.9,https://www.utah.gov/pmn/sitemap/notice/1068897.html,,pmn,2026-04-23T05:27:28.721185Z
pmn_1068897_item1,Grantsville,Grantsville City Planning Commission,2026-04-07,"Conditional Use Permit for Patsy Perry to operate BnP Firearms and So Much More, LLC home-based business at 176 S Hale Street",conditional_use,0.9,https://www.utah.gov/pmn/sitemap/notice/1068897.html,"{""addresses"": [""176 S Hale Street""], ""applicant"": ""Patsy Perry""}",pmn,2026-04-23T05:27:28.721185Z
pmn_1068897_item2,Grantsville,Grantsville City Planning Commission,2026-04-07,Conditional Use Permit for Cody Johnson to establish Accessory Farm Employee Housing at 587 E Durfee Street,conditional_use,0.9,https://www.utah.gov/pmn/sitemap/notice/1068897.html,"{""addresses"": [""587 E Durfee Street""], ""applicant"": ""Cody Johnson""}",pmn,2026-04-23T05:27:28.721185Z
pmn_1068897_item3,Grantsville,Grantsville City Planning Commission,2026-04-07,Master Development Agreement for Mack Canyon Subdivision near Mack Canyon Road and SR-138,residential_subdivision,0.9,https://www.utah.gov/pmn/sitemap/notice/1068897.html,,pmn,2026-04-23T05:27:28.721185Z
pmn_1068897_item4,Grantsville,Grantsville City Planning Commission,2026-04-07,General Plan Amendment for parcels 01-065-0-0074 and 01-065-0-0014 to Medium Density Residential for Mack Canyon Subdivision,general_plan_amendment,0.9,https://www.utah.gov/pmn/sitemap/notice/1068897.html,"{""parcel_ids"": [""01-065-0-0074"", ""01-065-0-0014""]}",pmn,2026-04-23T05:27:28.721185Z
pmn_1068897_item5,Grantsville,Grantsville City Planning Commission,2026-04-07,Rezone parcels 01-065-0-0074 and 01-065-0-0014 from R-1-21 to R-1-12 for Mack Canyon Subdivision,rezone,0.9,https://www.utah.gov/pmn/sitemap/notice/1068897.html,"{""parcel_ids"": [""01-065-0-0074"", ""01-065-0-0014""]}",pmn,2026-04-23T05:27:28.721185Z
web_6745683640687426386_item0,Grantsville,nan,2026-04-14,"Presentation and Discussion regarding the Grantsville City Master Transportation Plan, including current conditions and future transportation needs",other,0.9,https://www.grantsvilleut.gov/Document_Center/Government/City%20Council/2026/04.14.2026/04.14.2026%20Work%20Session%20Agenda.pdf?t=202604131125330,,web,2026-04-23T05:21:00.999954+00:00
pmn_1072333,Grantsville,Grantsville City Council,2026-04-14,Grantsville City Council and Planning Commission Special Work Meeting,nan,nan,https://www.utah.gov/pmn/sitemap/notice/1072333.html,"PUBLIC NOTICE

PUBLIC NOTICE IS HEREBY GIVEN that the Grantsville City Council and Grantsville City Planning Commission will hold a combined Work Meeting on Tuesday, April 14, 2026 in person at 429 East Main Street, Grantsville, UT 84029 and electronically via Zoom beginning at 7:00 pm. 

The agenda is as follows:

ROLL CALL

AGENDA ITEMS

1.	Presentation and Discussion: Discussion regarding the Grantsville City Master Transportation Plan, including current conditions, future transportation needs, and potential improvements. No formal action will be taken.

2.	Presentation and Discussion: Discussion of proposed amendments to the Parks and Transportation Capital Facilities Plans (CFPs), Impact Fee Facilities Plans (IFFPs), and Impact Fee Analyses (IFAs) for Grantsville City. No formal action will be taken. 

3.	Adjourn



Alicia Fairbourne
Grantsville City Recorder",pmn,2026-04-23T05:27:28.720846Z
web_8113603827173770495_item0,Grantsville,nan,2026-04-14,"Presentation and Discussion regarding the Grantsville City Master Transportation Plan, including current conditions, future transportation needs, and potential improvements",other,0.9,https://www.grantsvilleut.gov/Document_Center/Government/City%20Council/2026/04.14.2026/Combined%20Work%20Meeting%20Packet%204-14-26.pdf?t=202604131125430,,web,2026-04-23T05:21:01.884184+00:00
pmn_1071699,Grantsville,Grantsville City Planning Commission,2026-04-14,"Planning Commission Combined Work Meeting April 14th, 2026",nan,nan,https://www.utah.gov/pmn/sitemap/notice/1071699.html,"PUBLIC NOTICE
The Grantsville City Planning Commission will hold a Work Meeting with the Grantsville City Council at 7:00 p.m. on Tuesday, April 14, 2026 at 429 East Main Street, Grantsville, UT 84029 and electronically via Zoom. The agenda is as follows:
ROLL CALL

AGENDA

1.	Presentation and Discussion: Discussion regarding the Grantsville City Master Transportation Plan, including current conditions, future transportation needs, and potential improvements. No formal action will be taken.
2.	Presentation and Discussion: Discussion of proposed amendments to the Parks and Transportation Capital Facilities Plans (CFPs), Impact Fee Facilities Plans (IFFPs), and Impact Fee Analyses (IFAs) for Grantsville City. No formal action will be taken. 

3.	Adjourn



 
Shelby Moore
Zoning Administrator
Grantsville City Community & Economic Development

Join Zoom Meeting
Join Zoom Meeting: https://us02web.zoom.us/j/4358843411 By Phone, Dial: 1-253-215-8782
Meeting ID: 435 884 3411",pmn,2026-04-23T05:27:28.721182Z
web_6850921849709405858_item0,Grantsville,nan,2026-04-15,Consideration of Resolution 2026-24 approving the appointment of Candy Swallom,resolution,0.9,https://www.grantsvilleut.gov/Document_Center/Government/City%20Council/2026/04.15.2026/04.15.2026%20Council%20Meeting%20Agenda.pdf?t=202604131126580,,web,2026-04-23T05:20:59.748296+00:00
pmn_1072439_item0,Grantsville,Grantsville City Council,2026-04-15,Resolution 2026-24 approving the appointment of Candy Swallom to the Grantsville City Library Board,resolution,0.9,https://www.utah.gov/pmn/sitemap/notice/1072439.html,"{""applicant"": ""Candy Swallom""}",pmn,2026-04-23T05:27:28.720792Z
pmn_1072439_item1,Grantsville,Grantsville City Council,2026-04-15,Resolution 2026-25 approving the appointment of Camille Coons to the Grantsville City Library Board,resolution,0.9,https://www.utah.gov/pmn/sitemap/notice/1072439.html,"{""applicant"": ""Camille Coons""}",pmn,2026-04-23T05:27:28.720792Z
pmn_1072439_item2,Grantsville,Grantsville City Council,2026-04-15,Resolution 2026-26 approving the Memorandum of Understanding with the Inland Port Authority,resolution,0.9,https://www.utah.gov/pmn/sitemap/notice/1072439.html,"{""applicant"": ""Inland Port Authority""}",pmn,2026-04-23T05:27:28.720792Z
pmn_1072439_item3,Grantsville,Grantsville City Council,2026-04-15,Resolution 2026-22 approving the expenditure of Class C Road Funds for road department equipment,resolution,0.9,https://www.utah.gov/pmn/sitemap/notice/1072439.html,,pmn,2026-04-23T05:27:28.720792Z
pmn_1072439_item4,Grantsville,Grantsville City Council,2026-04-15,Ordinance 2026-16 approving and adopting an updated Annexation Policy Plan,ordinance,0.9,https://www.utah.gov/pmn/sitemap/notice/1072439.html,,pmn,2026-04-23T05:27:28.720792Z
pmn_1072439_item5,Grantsville,Grantsville City Council,2026-04-15,Resolution 2026-23 approving the purchase of a sewer Vactor truck and authorizing partial funding and financing,resolution,0.9,https://www.utah.gov/pmn/sitemap/notice/1072439.html,,pmn,2026-04-23T05:27:28.720792Z
pmn_1072439_item6,Grantsville,Grantsville City Council,2026-04-15,Resolution 2026-21 approving the surplus of a decommissioned police department vehicle,resolution,0.9,https://www.utah.gov/pmn/sitemap/notice/1072439.html,,pmn,2026-04-23T05:27:28.720792Z
pmn_1072439_item7,Grantsville,Grantsville City Council,2026-04-15,"Presentation of a concept plan for the Sun Sage Terrace Subdivision, Phases 4 - 6",residential_subdivision,0.9,https://www.utah.gov/pmn/sitemap/notice/1072439.html,,pmn,2026-04-23T05:27:28.720792Z
pmn_1072439_item8,Grantsville,Grantsville City Council,2026-04-15,Discussion and Council direction of the Townhomes on Willow sidewalks,other,0.9,https://www.utah.gov/pmn/sitemap/notice/1072439.html,,pmn,2026-04-23T05:27:28.720792Z
pmn_1071659_item0,Grantsville,Grantsville City Council,2026-04-15,"Public hearing on proposed budget amendment to increase Capital Projects line item in Class C Roads Department budget by $3,037,000.00 for road department equipment purchases",public_hearing,0.9,https://www.utah.gov/pmn/sitemap/notice/1071659.html,"{""addresses"": [""429 E. Main Street, Grantsville, Utah, 84029""]}",pmn,2026-04-23T05:27:28.720809Z
pmn_1069945_item0,Grantsville,Grantsville City Council,2026-04-15,Grantsville City Annexation Policy Plan Amendment,general_plan_amendment,0.9,https://www.utah.gov/pmn/sitemap/notice/1069945.html,,pmn,2026-04-23T05:27:28.720840Z
web_4346990071051291614_item0,Grantsville,nan,2026-04-15,Resolution 2026-24 approving the appointment of Candy Swallom to the Grantsville City Library Board,resolution,0.9,https://www.grantsvilleut.gov/Document_Center/Government/City%20Council/2026/04.15.2026/04.15.2026%20Agenda%20Packet.pdf?t=202604131127060,,web,2026-04-23T05:21:00.850441+00:00
pmn_1071703_item0,Grantsville,Grantsville City Planning Commission,2026-04-21,Conditional Use Permit for Shelton Ross to operate outdoor RV storage in Commercial Shopping Zone at 519 West Main Street,conditional_use,0.9,https://www.utah.gov/pmn/sitemap/notice/1071703.html,"{""parcel_ids"": [""01-066-0-0033""], ""addresses"": [""519 West Main Street""], ""applicant"": ""Shelton Ross""}",pmn,2026-04-23T05:27:28.721176Z
pmn_1071703_item1,Grantsville,Grantsville City Planning Commission,2026-04-21,Plat amendment for Moody Acres Subdivision located at 415 S Worthington Street,residential_subdivision,0.9,https://www.utah.gov/pmn/sitemap/notice/1071703.html,"{""addresses"": [""415 S Worthington Street""]}",pmn,2026-04-23T05:27:28.721176Z
pmn_1071703_item2,Grantsville,Grantsville City Planning Commission,2026-04-21,General Plan Amendment to change land use designation from Low Density Residential to High Single-Family Density for Wellstone Subdivision near Pear Street and Quirk Street,general_plan_amendment,0.9,https://www.utah.gov/pmn/sitemap/notice/1071703.html,"{""parcel_ids"": [""01-071-0-0012"", ""01-074-0-0012"", ""01-074-0-0010"", ""11-010-0-0002""]}",pmn,2026-04-23T05:27:28.721176Z
pmn_1071703_item3,Grantsville,Grantsville City Planning Commission,2026-04-21,Rezone of parcels from R-1-21 to R-1-12 for Wellstone Subdivision near Pear Street and Quirk Street,rezone,0.9,https://www.utah.gov/pmn/sitemap/notice/1071703.html,"{""parcel_ids"": [""01-071-0-0012"", ""01-074-0-0012"", ""01-074-0-0010"", ""11-010-0-0002""]}",pmn,2026-04-23T05:27:28.721176Z
pmn_1071703_item4,Grantsville,Grantsville City Planning Commission,2026-04-21,"Amendments to Parks and Transportation Capital Facilities Plans, Impact Fee Facilities Plans, and Impact Fee Analyses for Grantsville City",ordinance,0.9,https://www.utah.gov/pmn/sitemap/notice/1071703.html,,pmn,2026-04-23T05:27:28.721176Z
